<?xml version="1.0" encoding="UTF-8"?>
<beans xmlns="http://www.springframework.org/schema/beans"
	xmlns:xsi="http://www.w3.org/2001/XMLSchema-instance" xmlns:context="http://www.springframework.org/schema/context"
	xmlns:jee="http://www.springframework.org/schema/jee" xmlns:tx="http://www.springframework.org/schema/tx"
	xmlns:mvc="http://www.springframework.org/schema/mvc"
	xsi:schemaLocation="http://www.springframework.org/schema/mvc http://www.springframework.org/schema/mvc/spring-mvc-3.2.xsd
	http://www.springframework.org/schema/beans http://www.springframework.org/schema/beans/spring-beans-3.2.xsd
		http://www.springframework.org/schema/context http://www.springframework.org/schema/context/spring-context-3.2.xsd
		http://www.springframework.org/schema/jee http://www.springframework.org/schema/jee/spring-jee-3.2.xsd
		http://www.springframework.org/schema/tx http://www.springframework.org/schema/tx/spring-tx-3.2.xsd">


	<jee:jndi-lookup id="VIMDataSource" 
	jndi-name="java:/comp/env/jdbc/VIMDataSource"
		expected-type="javax.sql.DataSource" />

	<bean id= "entityManagerFactory" 
	class="org.springframework.orm.jpa.LocalContainerEntityManagerFactoryBean">
		
		<property name="dataSource" ref = "VIMDataSource"></property>
		
	</bean>
	
	<bean id = "transactionManager" 
	class = "org.springframework.orm.jpa.JpaTransactionManager">
		
		<property name="entityManagerFactory"  ref="entityManagerFactory"></property>
		
	</bean>

	

	<!-- <bean id="carDAO" class="com.cg.dao.impl.JDBCCarDAO" scope="">
		<property name="dataSource" ref="VIMDataSource" />
	</bean> -->

</beans>
